--
-- Script was generated by Devart dbForge Studio 2019 for MySQL, Version 8.2.23.0
-- Product home page: http://www.devart.com/dbforge/mysql/studio
-- Script date 11/4/2021 3:12:49 p. m.
-- Server version: 8.0.19
-- Client version: 4.1
--

-- 
-- Disable foreign keys
-- 
/*!40014 SET @OLD_FOREIGN_KEY_CHECKS=@@FOREIGN_KEY_CHECKS, FOREIGN_KEY_CHECKS=0 */;

-- 
-- Set SQL mode
-- 
/*!40101 SET @OLD_SQL_MODE=@@SQL_MODE, SQL_MODE='NO_AUTO_VALUE_ON_ZERO' */;

-- 
-- Set character set the client will use to send SQL statements to the server
--
SET NAMES 'utf8';

--
-- Set default database
--
USE teoria_decision;

--
-- Drop table `empresa`
--
DROP TABLE IF EXISTS empresa;

--
-- Drop table `usuario`
--
DROP TABLE IF EXISTS usuario;

--
-- Drop table `causa_consecuencia`
--
DROP TABLE IF EXISTS causa_consecuencia;

--
-- Drop table `causa_probabilidad`
--
DROP TABLE IF EXISTS causa_probabilidad;

--
-- Drop table `problema_causa`
--
DROP TABLE IF EXISTS problema_causa;

--
-- Drop table `tiempoproduccion`
--
DROP TABLE IF EXISTS tiempoproduccion;

--
-- Drop table `causa`
--
DROP TABLE IF EXISTS causa;

--
-- Drop table `consecuencia`
--
DROP TABLE IF EXISTS consecuencia;

--
-- Drop table `problema`
--
DROP TABLE IF EXISTS problema;

--
-- Drop table `equipo_empleado`
--
DROP TABLE IF EXISTS equipo_empleado;

--
-- Drop table `planta_empleado`
--
DROP TABLE IF EXISTS planta_empleado;

--
-- Drop table `empleado`
--
DROP TABLE IF EXISTS empleado;

--
-- Drop table `puesto`
--
DROP TABLE IF EXISTS puesto;

--
-- Drop table `planta_equipo`
--
DROP TABLE IF EXISTS planta_equipo;

--
-- Drop table `equipo`
--
DROP TABLE IF EXISTS equipo;

--
-- Drop table `marca`
--
DROP TABLE IF EXISTS marca;

--
-- Drop table `tipo`
--
DROP TABLE IF EXISTS tipo;

--
-- Drop table `planta`
--
DROP TABLE IF EXISTS planta;

--
-- Drop table `sector`
--
DROP TABLE IF EXISTS sector;

--
-- Set default database
--
USE teoria_decision;

--
-- Create table `sector`
--
CREATE TABLE sector (
  idSector int NOT NULL AUTO_INCREMENT,
  descripcion varchar(50) NOT NULL,
  fechaRegistro timestamp NOT NULL DEFAULT CURRENT_TIMESTAMP,
  estado bit(1) NOT NULL,
  PRIMARY KEY (idSector)
)
ENGINE = INNODB,
AUTO_INCREMENT = 6,
AVG_ROW_LENGTH = 3276,
CHARACTER SET utf8mb4,
COLLATE utf8mb4_0900_ai_ci;

--
-- Create table `planta`
--
CREATE TABLE planta (
  idPlanta int NOT NULL AUTO_INCREMENT,
  idSector int NOT NULL,
  descripcion varchar(50) NOT NULL,
  fechaRegistro timestamp NOT NULL DEFAULT CURRENT_TIMESTAMP,
  estado bit(1) NOT NULL,
  PRIMARY KEY (idPlanta)
)
ENGINE = INNODB,
AUTO_INCREMENT = 9,
AVG_ROW_LENGTH = 2048,
CHARACTER SET utf8mb4,
COLLATE utf8mb4_0900_ai_ci;

--
-- Create foreign key
--
ALTER TABLE planta
ADD CONSTRAINT FK_planta_sector_idSector FOREIGN KEY (idSector)
REFERENCES sector (idSector);

--
-- Create table `tipo`
--
CREATE TABLE tipo (
  idTipo int NOT NULL AUTO_INCREMENT,
  descripcion varchar(50) NOT NULL,
  estado bit(1) NOT NULL DEFAULT b'1',
  PRIMARY KEY (idTipo)
)
ENGINE = INNODB,
AUTO_INCREMENT = 13,
AVG_ROW_LENGTH = 1365,
CHARACTER SET utf8mb4,
COLLATE utf8mb4_0900_ai_ci;

--
-- Create table `marca`
--
CREATE TABLE marca (
  idMarca int NOT NULL AUTO_INCREMENT,
  descripcion varchar(50) NOT NULL,
  estado bit(1) NOT NULL DEFAULT b'1',
  PRIMARY KEY (idMarca)
)
ENGINE = INNODB,
AUTO_INCREMENT = 11,
AVG_ROW_LENGTH = 1820,
CHARACTER SET utf8mb4,
COLLATE utf8mb4_0900_ai_ci;

--
-- Create table `equipo`
--
CREATE TABLE equipo (
  idEquipo int NOT NULL AUTO_INCREMENT,
  idMarca int NOT NULL,
  idTipo int DEFAULT NULL,
  descripcion varchar(50) NOT NULL,
  fechaCreacion timestamp NOT NULL DEFAULT CURRENT_TIMESTAMP,
  estado bit(1) NOT NULL DEFAULT b'1',
  PRIMARY KEY (idEquipo)
)
ENGINE = INNODB,
AUTO_INCREMENT = 8,
AVG_ROW_LENGTH = 2730,
CHARACTER SET utf8mb4,
COLLATE utf8mb4_0900_ai_ci;

--
-- Create foreign key
--
ALTER TABLE equipo
ADD CONSTRAINT FK_equipo_marca_idMarca FOREIGN KEY (idMarca)
REFERENCES marca (idMarca);

--
-- Create foreign key
--
ALTER TABLE equipo
ADD CONSTRAINT FK_equipo_tipo_idTipo FOREIGN KEY (idTipo)
REFERENCES tipo (idTipo);

--
-- Create table `planta_equipo`
--
CREATE TABLE planta_equipo (
  idPlanta int NOT NULL,
  idEquipo int NOT NULL,
  fechaAsignado timestamp NOT NULL,
  estado bit(1) NOT NULL,
  PRIMARY KEY (idPlanta, idEquipo)
)
ENGINE = INNODB,
AVG_ROW_LENGTH = 2730,
CHARACTER SET utf8mb4,
COLLATE utf8mb4_0900_ai_ci;

--
-- Create foreign key
--
ALTER TABLE planta_equipo
ADD CONSTRAINT FK_planta_equipo_equipo_idEquipo FOREIGN KEY (idEquipo)
REFERENCES equipo (idEquipo);

--
-- Create foreign key
--
ALTER TABLE planta_equipo
ADD CONSTRAINT FK_planta_equipo_planta_idPlanta FOREIGN KEY (idPlanta)
REFERENCES planta (idPlanta);

--
-- Create table `puesto`
--
CREATE TABLE puesto (
  idPuesto int NOT NULL AUTO_INCREMENT,
  descripcion varchar(50) NOT NULL,
  fechaRegistro timestamp NOT NULL DEFAULT CURRENT_TIMESTAMP,
  estado bit(1) NOT NULL DEFAULT b'1',
  PRIMARY KEY (idPuesto)
)
ENGINE = INNODB,
AUTO_INCREMENT = 5,
AVG_ROW_LENGTH = 4096,
CHARACTER SET utf8mb4,
COLLATE utf8mb4_0900_ai_ci;

--
-- Create table `empleado`
--
CREATE TABLE empleado (
  idEmpleado int NOT NULL AUTO_INCREMENT,
  idPuesto int NOT NULL,
  nombre varchar(50) NOT NULL,
  apellido varchar(50) NOT NULL,
  fechRegistro timestamp NOT NULL DEFAULT CURRENT_TIMESTAMP,
  estado bit(1) NOT NULL DEFAULT b'1',
  PRIMARY KEY (idEmpleado)
)
ENGINE = INNODB,
AUTO_INCREMENT = 7,
AVG_ROW_LENGTH = 2730,
CHARACTER SET utf8mb4,
COLLATE utf8mb4_0900_ai_ci;

--
-- Create foreign key
--
ALTER TABLE empleado
ADD CONSTRAINT FK_empleado_puesto_idPuesto FOREIGN KEY (idPuesto)
REFERENCES puesto (idPuesto);

--
-- Create table `planta_empleado`
--
CREATE TABLE planta_empleado (
  idPlanta int NOT NULL,
  idEmpleado int NOT NULL,
  estado bit(1) NOT NULL DEFAULT b'1',
  PRIMARY KEY (idPlanta, idEmpleado)
)
ENGINE = INNODB,
CHARACTER SET utf8mb4,
COLLATE utf8mb4_0900_ai_ci;

--
-- Create foreign key
--
ALTER TABLE planta_empleado
ADD CONSTRAINT FK_planta_empleado_empleado_idEmpleado FOREIGN KEY (idEmpleado)
REFERENCES empleado (idEmpleado);

--
-- Create foreign key
--
ALTER TABLE planta_empleado
ADD CONSTRAINT FK_planta_empleado_planta_idPlanta FOREIGN KEY (idPlanta)
REFERENCES planta (idPlanta);

--
-- Create table `equipo_empleado`
--
CREATE TABLE equipo_empleado (
  idEquipo int NOT NULL,
  idEmpleado int NOT NULL,
  estado bit(1) NOT NULL DEFAULT b'1',
  PRIMARY KEY (idEquipo, idEmpleado)
)
ENGINE = INNODB,
AVG_ROW_LENGTH = 3276,
CHARACTER SET utf8mb4,
COLLATE utf8mb4_0900_ai_ci;

--
-- Create foreign key
--
ALTER TABLE equipo_empleado
ADD CONSTRAINT FK_equipo_empleado_empleado_idEmpleado FOREIGN KEY (idEmpleado)
REFERENCES empleado (idEmpleado);

--
-- Create foreign key
--
ALTER TABLE equipo_empleado
ADD CONSTRAINT FK_equipo_empleado_equipo_idEquipo FOREIGN KEY (idEquipo)
REFERENCES equipo (idEquipo);

--
-- Create table `problema`
--
CREATE TABLE problema (
  idProblema int NOT NULL AUTO_INCREMENT,
  descripcion varchar(50) NOT NULL,
  fechaRegistro timestamp NULL DEFAULT CURRENT_TIMESTAMP,
  estado bit(1) DEFAULT b'1',
  PRIMARY KEY (idProblema)
)
ENGINE = INNODB,
AUTO_INCREMENT = 18,
AVG_ROW_LENGTH = 1092,
CHARACTER SET utf8mb4,
COLLATE utf8mb4_0900_ai_ci;

--
-- Create table `consecuencia`
--
CREATE TABLE consecuencia (
  idConsecuencia int NOT NULL AUTO_INCREMENT,
  descripcion varchar(250) NOT NULL,
  fechaRegistro timestamp NOT NULL DEFAULT CURRENT_TIMESTAMP,
  estado bit(1) NOT NULL DEFAULT b'1',
  PRIMARY KEY (idConsecuencia)
)
ENGINE = INNODB,
AUTO_INCREMENT = 16,
AVG_ROW_LENGTH = 1092,
CHARACTER SET utf8mb4,
COLLATE utf8mb4_0900_ai_ci;

--
-- Create table `causa`
--
CREATE TABLE causa (
  idCauda int NOT NULL AUTO_INCREMENT,
  descripcion varchar(250) NOT NULL,
  fechaRegistro timestamp NOT NULL,
  estado bit(1) NOT NULL DEFAULT b'1',
  PRIMARY KEY (idCauda)
)
ENGINE = INNODB,
AUTO_INCREMENT = 12,
AVG_ROW_LENGTH = 1489,
CHARACTER SET utf8mb4,
COLLATE utf8mb4_0900_ai_ci;

--
-- Create table `tiempoproduccion`
--
CREATE TABLE tiempoproduccion (
  idTiempoProduccion int NOT NULL AUTO_INCREMENT,
  idPlanta int NOT NULL,
  idProblema int NOT NULL,
  idCausa int NOT NULL,
  idConsecuencia int NOT NULL,
  fechaInicio timestamp NOT NULL,
  fechaFin timestamp NOT NULL,
  meta float NOT NULL,
  cumplimiento float NOT NULL,
  PRIMARY KEY (idTiempoProduccion)
)
ENGINE = INNODB,
AUTO_INCREMENT = 301,
AVG_ROW_LENGTH = 164,
CHARACTER SET utf8mb4,
COLLATE utf8mb4_0900_ai_ci;

--
-- Create index `FK_tiempoproduccion_consecuencia1_idConsecuencia` on table `tiempoproduccion`
--
ALTER TABLE tiempoproduccion
ADD INDEX FK_tiempoproduccion_consecuencia1_idConsecuencia (idConsecuencia);

--
-- Create foreign key
--
ALTER TABLE tiempoproduccion
ADD CONSTRAINT FK_tiempoproduccion_causa_idCauda FOREIGN KEY (idCausa)
REFERENCES causa (idCauda);

--
-- Create foreign key
--
ALTER TABLE tiempoproduccion
ADD CONSTRAINT FK_tiempoproduccion_consecuencia_idConsecuencia FOREIGN KEY (idConsecuencia)
REFERENCES consecuencia (idConsecuencia);

--
-- Create foreign key
--
ALTER TABLE tiempoproduccion
ADD CONSTRAINT FK_tiempoproduccion_planta_idPlanta FOREIGN KEY (idPlanta)
REFERENCES planta (idPlanta);

--
-- Create foreign key
--
ALTER TABLE tiempoproduccion
ADD CONSTRAINT FK_tiempoproduccion_problema_idProblema FOREIGN KEY (idProblema)
REFERENCES problema (idProblema);

--
-- Create table `problema_causa`
--
CREATE TABLE problema_causa (
  idProblema int NOT NULL,
  idCausa int NOT NULL,
  estado bit(1) NOT NULL DEFAULT b'1',
  PRIMARY KEY (idProblema, idCausa)
)
ENGINE = INNODB,
CHARACTER SET utf8mb4,
COLLATE utf8mb4_0900_ai_ci;

--
-- Create foreign key
--
ALTER TABLE problema_causa
ADD CONSTRAINT FK_problema_causa_causa_idCauda FOREIGN KEY (idCausa)
REFERENCES causa (idCauda);

--
-- Create foreign key
--
ALTER TABLE problema_causa
ADD CONSTRAINT FK_problema_causa_problema_idProblema FOREIGN KEY (idProblema)
REFERENCES problema (idProblema);

--
-- Create table `causa_probabilidad`
--
CREATE TABLE causa_probabilidad (
  idCausa int NOT NULL,
  idProbabilidad float NOT NULL,
  fechaRegistro timestamp NOT NULL DEFAULT CURRENT_TIMESTAMP,
  estado bit(1) NOT NULL DEFAULT b'1'
)
ENGINE = INNODB,
CHARACTER SET utf8mb4,
COLLATE utf8mb4_0900_ai_ci;

--
-- Create foreign key
--
ALTER TABLE causa_probabilidad
ADD CONSTRAINT FK_causa_probabilidad_causa_idCauda FOREIGN KEY (idCausa)
REFERENCES causa (idCauda);

--
-- Create table `causa_consecuencia`
--
CREATE TABLE causa_consecuencia (
  idCausa int NOT NULL,
  idConsecuencia int NOT NULL,
  perdida float NOT NULL
)
ENGINE = INNODB,
CHARACTER SET utf8mb4,
COLLATE utf8mb4_0900_ai_ci;

--
-- Create foreign key
--
ALTER TABLE causa_consecuencia
ADD CONSTRAINT FK_causa_consecuencia_causa_idCauda FOREIGN KEY (idCausa)
REFERENCES causa (idCauda);

--
-- Create foreign key
--
ALTER TABLE causa_consecuencia
ADD CONSTRAINT FK_causa_consecuencia_consecuencia_idConsecuencia FOREIGN KEY (idConsecuencia)
REFERENCES consecuencia (idConsecuencia);

--
-- Create table `usuario`
--
CREATE TABLE usuario (
  idUsuario int NOT NULL AUTO_INCREMENT,
  nombre varchar(50) NOT NULL,
  slogan varchar(50) NOT NULL,
  urlLogo varchar(255) DEFAULT NULL,
  correo varchar(50) NOT NULL,
  clave varchar(255) NOT NULL,
  estado bit(1) NOT NULL,
  PRIMARY KEY (idUsuario)
)
ENGINE = INNODB,
AUTO_INCREMENT = 2,
AVG_ROW_LENGTH = 16384,
CHARACTER SET utf8mb4,
COLLATE utf8mb4_0900_ai_ci;

--
-- Create table `empresa`
--
CREATE TABLE empresa (
  idEmpresa int NOT NULL AUTO_INCREMENT,
  nombre varchar(50) NOT NULL,
  slogan varchar(100) NOT NULL,
  urlLogo varchar(255) NOT NULL,
  direccion varchar(255) NOT NULL,
  sector varchar(50) NOT NULL,
  estado bit(1) NOT NULL,
  PRIMARY KEY (idEmpresa)
)
ENGINE = INNODB,
CHARACTER SET utf8mb4,
COLLATE utf8mb4_0900_ai_ci;

-- 
-- Dumping data for table sector
--
INSERT INTO sector VALUES
(1, 'Santiago', '2021-04-03 00:00:00', True),
(2, 'La Romana', '2021-04-03 00:00:00', True),
(3, 'Yamasa', '2021-04-03 00:00:00', True),
(4, 'El embrujo', '2021-04-03 00:00:00', True),
(5, 'Pedernales', '2021-04-03 00:00:00', True);

-- 
-- Dumping data for table tipo
--
INSERT INTO tipo VALUES
(1, 'La excavadora', True),
(2, 'La retroexcavadora', True),
(3, 'Dragas', True),
(4, 'La dragalina', True),
(5, 'La mototrailla', True),
(6, 'La escrepa', True),
(7, 'La pavimentadora', True),
(8, 'La compactadora', True),
(9, 'La motoniveladora', True),
(10, 'Las volquetas', True),
(11, 'Tractores', True),
(12, 'La cargadora', True);

-- 
-- Dumping data for table marca
--
INSERT INTO marca VALUES
(1, 'Komatsu ', True),
(2, 'Hitachi ', True),
(3, 'Volvo ', True),
(4, 'Terex ', True),
(5, 'Sany ', True),
(6, 'John Deere', True),
(7, 'XCMG ', True),
(8, 'Caterpillar', True),
(9, 'Liebherr', True),
(10, 'Doosan Infracore', True);

-- 
-- Dumping data for table puesto
--
INSERT INTO puesto VALUES
(1, 'Encargado', '2021-04-03 23:42:53', True),
(2, 'Operador', '2021-04-03 23:42:57', True),
(3, 'Mecanico', '2021-04-03 23:43:07', True),
(4, 'Asistente', '2021-04-03 23:50:08', True);

-- 
-- Dumping data for table problema
--
INSERT INTO problema VALUES
(2, 'Problemas de maquinaria', '2021-04-03 14:22:32', True),
(3, 'Mescla no cumple con el BOM', '2021-04-03 14:22:32', True),
(4, 'Carga inadecuada de block', '2021-04-03 14:22:32', True),
(5, 'Fallo electrico', '2021-04-03 14:22:32', True),
(6, 'Escaneo incorrecto del codigo', '2021-04-03 14:22:32', True),
(7, 'Estandar de produccion erroneo', '2021-04-03 14:22:32', True),
(8, 'Prensa defectuosa', '2021-04-03 14:22:32', True),
(9, 'Tormenta electrica', '2021-04-03 14:22:32', True),
(10, 'Error de digitacion del estandar', '2021-04-03 14:22:32', True),
(11, 'Accidente laboral', '2021-04-03 14:22:32', True),
(12, 'Tormenta electrica', '2021-04-03 14:23:55', True),
(13, 'No hay agua', '2021-04-04 21:22:16', True),
(14, 'Paro por mantenimiento', '2021-04-04 00:00:00', True),
(15, 'Error de diseño o mal balance de materiales', '2021-04-04 21:42:16', True),
(16, 'Incorrecto balance de materiales', '2021-04-04 21:51:44', True),
(17, 'Inconsistencia del producto', '2021-04-04 21:51:53', True);

-- 
-- Dumping data for table planta
--
INSERT INTO planta VALUES
(1, 1, 'Planta #1', '2021-04-03 00:00:00', True),
(2, 1, 'Planta #2', '2021-04-03 00:00:00', True),
(3, 2, 'Planta #3', '2021-04-03 00:00:00', True),
(4, 2, 'Planta #4', '2021-04-03 00:00:00', True),
(5, 3, 'Planta#5', '2021-04-03 00:00:00', True),
(6, 3, 'Planta#6', '2021-04-03 00:00:00', True),
(7, 4, 'Planta #7', '2021-04-03 00:00:00', True),
(8, 5, 'Planta #8', '2021-04-03 00:00:00', True);

-- 
-- Dumping data for table equipo
--
INSERT INTO equipo VALUES
(1, 1, 2, 'KG-100K', '2021-04-04 00:00:00', True),
(2, 1, 1, 'CAMO-RG', '2021-04-04 10:49:03', True),
(3, 2, 12, 'AMG-R', '2021-04-04 10:49:25', True),
(4, 2, 1, 'RM-100', '2021-04-04 10:50:17', True),
(5, 3, 10, 'K-200', '2021-04-04 10:53:11', True),
(6, 3, 9, 'MARTI-200', '2021-04-04 10:53:26', True),
(7, 4, 4, 'AURON I8', '2021-04-04 10:56:08', True);

-- 
-- Dumping data for table empleado
--
INSERT INTO empleado VALUES
(1, 1, 'Freilin Jose', 'Jerez Brito', '2021-04-03 23:51:35', True),
(2, 2, 'Raul Rojas', 'Mendoza', '2021-04-04 10:59:32', True),
(3, 2, 'Guillermo', 'Raul Mendez', '2021-04-04 10:59:43', True),
(4, 3, 'Jhonata', 'Mendoza', '2021-04-04 11:00:02', True),
(5, 4, 'Saul', 'Martinez', '2021-04-04 11:00:17', True),
(6, 3, 'Pepe Mendez', 'Rojas', '2021-04-04 11:00:40', True);

-- 
-- Dumping data for table consecuencia
--
INSERT INTO consecuencia VALUES
(1, '1', '2021-04-04 11:19:18', True),
(2, '1', '2021-04-04 11:19:19', True),
(3, '1', '2021-04-04 11:19:20', True),
(4, '1', '2021-04-04 11:19:20', True),
(5, '1', '2021-04-04 11:19:21', True),
(6, '1', '2021-04-04 11:19:22', True),
(7, '1', '2021-04-04 11:19:22', True),
(8, '1', '2021-04-04 11:19:23', True),
(9, '1', '2021-04-04 11:19:24', True),
(10, '1', '2021-04-04 11:19:25', True),
(11, '1', '2021-04-04 11:19:25', True),
(12, '1', '2021-04-04 11:19:26', True),
(13, '1', '2021-04-04 11:19:27', True),
(14, '1', '2021-04-04 11:19:28', True),
(15, '1', '2021-04-04 11:19:30', True);

-- 
-- Dumping data for table causa
--
INSERT INTO causa VALUES
(1, 'Paro de la producción', '2021-04-03 00:00:00', True),
(2, 'Falta de capacitación', '2021-04-03 00:00:00', True),
(3, 'Malas condiciones laborales', '2021-04-03 00:00:00', True),
(4, 'Personal insuficiente', '2021-04-03 00:00:00', True),
(5, 'Maquinaria inadecuada.', '2021-04-03 00:00:00', True),
(6, 'Mala planificación del trabajo y los pedidos.', '2021-04-03 00:00:00', True),
(7, 'Averías de las instalaciones.', '2021-04-03 00:00:00', True),
(8, 'Malas condiciones de trabajo', '2021-04-03 00:00:00', True),
(9, 'Tiempo improductivo por desechos o repetición del trabajo.', '2021-04-03 00:00:00', True),
(10, 'Error de digitacion del estandar', '2021-04-03 00:00:00', True),
(11, 'Accidente laboral', '2021-04-03 00:00:00', True);

-- 
-- Dumping data for table usuario
--
INSERT INTO usuario VALUES
(1, 'Freilin Jose', 'Jerez Brito', 'https://pbs.twimg.com/profile_images/1002942670233145345/EgCJ-JK1_400x400.jpg', 'freilinjb@gmail.com', '1423', True);

-- 
-- Dumping data for table tiempoproduccion
--
INSERT INTO tiempoproduccion VALUES
(2, 8, 10, 10, 7, '2019-01-17 12:08:00', '2019-01-17 07:50:00', 522, 506.34),
(3, 3, 8, 1, 12, '2019-01-18 10:59:00', '2019-01-18 09:31:00', 973, 758.94),
(4, 7, 10, 9, 12, '2019-01-19 11:12:00', '2019-01-19 09:24:00', 1206, 1049.22),
(5, 1, 8, 10, 3, '2019-01-20 11:29:00', '2019-01-20 07:53:00', 1071, 899.64),
(6, 8, 2, 6, 5, '2019-01-21 10:54:00', '2019-01-21 09:28:00', 709, 595.56),
(7, 4, 2, 3, 1, '2019-01-22 12:19:00', '2019-01-22 07:50:00', 1206, 1097.46),
(8, 3, 12, 5, 6, '2019-01-23 11:01:00', '2019-01-23 07:41:00', 829, 630.04),
(9, 4, 7, 9, 3, '2019-01-24 10:43:00', '2019-01-24 09:11:00', 780, 647.4),
(10, 4, 3, 10, 10, '2019-01-25 11:43:00', '2019-01-25 09:18:00', 581, 395.08),
(11, 8, 7, 8, 4, '2019-01-26 12:08:00', '2019-01-26 09:24:00', 802, 777.94),
(12, 4, 4, 5, 7, '2019-01-27 10:37:00', '2019-01-27 09:41:00', 1133, 951.72),
(13, 6, 10, 2, 5, '2019-01-28 12:06:00', '2019-01-28 08:09:00', 1493, 1224.26),
(14, 8, 4, 10, 9, '2019-01-29 11:40:00', '2019-01-29 09:38:00', 1076, 753.2),
(15, 7, 11, 1, 12, '2019-01-30 11:42:00', '2019-01-30 08:20:00', 769, 499.85),
(16, 6, 8, 2, 5, '2019-01-31 11:40:00', '2019-01-31 09:31:00', 1422, 981.18),
(17, 5, 9, 6, 11, '2019-02-01 10:14:00', '2019-02-01 08:09:00', 1193, 906.68),
(18, 6, 3, 6, 8, '2019-02-02 11:23:00', '2019-02-02 08:00:00', 731, 562.87),
(19, 2, 9, 3, 5, '2019-02-03 10:41:00', '2019-02-03 07:44:00', 1293, 982.68),
(20, 3, 3, 10, 10, '2019-02-04 10:54:00', '2019-02-04 07:44:00', 1123, 819.79),
(21, 6, 7, 6, 6, '2019-02-05 10:23:00', '2019-02-05 07:37:00', 1124, 977.88),
(22, 4, 9, 9, 4, '2019-02-06 12:16:00', '2019-02-06 09:28:00', 1433, 1246.71),
(23, 6, 11, 6, 9, '2019-02-07 11:40:00', '2019-02-07 08:03:00', 1483, 919.46),
(24, 1, 4, 5, 5, '2019-02-08 11:40:00', '2019-02-08 09:22:00', 519, 461.91),
(25, 4, 7, 11, 13, '2019-02-09 10:31:00', '2019-02-09 08:52:00', 993, 665.31),
(26, 5, 6, 11, 4, '2019-02-10 10:53:00', '2019-02-10 08:10:00', 710, 582.2),
(27, 8, 8, 3, 4, '2019-02-11 10:53:00', '2019-02-11 09:35:00', 1468, 1027.6),
(28, 8, 11, 2, 4, '2019-02-12 10:25:00', '2019-02-12 09:13:00', 648, 531.36),
(29, 4, 9, 5, 5, '2019-02-13 12:16:00', '2019-02-13 08:37:00', 959, 642.53),
(30, 6, 6, 11, 1, '2019-02-14 12:18:00', '2019-02-14 09:35:00', 1165, 815.5),
(31, 6, 9, 5, 5, '2019-02-15 11:39:00', '2019-02-15 08:53:00', 654, 640.92),
(32, 6, 5, 8, 12, '2019-02-16 12:02:00', '2019-02-16 08:42:00', 821, 689.64),
(33, 7, 3, 11, 9, '2019-02-17 10:48:00', '2019-02-17 07:37:00', 715, 664.95),
(34, 3, 5, 6, 11, '2019-02-18 10:30:00', '2019-02-18 09:02:00', 1221, 793.65),
(35, 6, 4, 5, 9, '2019-02-19 10:24:00', '2019-02-19 08:33:00', 818, 719.84),
(36, 8, 10, 6, 11, '2019-02-20 11:20:00', '2019-02-20 09:25:00', 837, 535.68),
(37, 4, 2, 8, 6, '2019-02-21 10:38:00', '2019-02-21 07:50:00', 1351, 1269.94),
(38, 6, 7, 10, 7, '2019-02-22 11:48:00', '2019-02-22 09:13:00', 568, 522.56),
(39, 7, 7, 11, 3, '2019-02-23 11:49:00', '2019-02-23 09:13:00', 1205, 1192.95),
(40, 5, 9, 4, 10, '2019-02-24 11:58:00', '2019-02-24 08:26:00', 1491, 1386.63),
(41, 4, 7, 7, 10, '2019-02-25 10:21:00', '2019-02-25 07:40:00', 647, 595.24),
(42, 4, 4, 8, 13, '2019-02-26 10:53:00', '2019-02-26 09:32:00', 1181, 1169.19),
(43, 1, 5, 7, 9, '2019-02-27 11:19:00', '2019-02-27 07:41:00', 1115, 769.35),
(44, 4, 9, 3, 2, '2019-02-28 11:17:00', '2019-02-28 07:51:00', 1252, 801.28),
(45, 5, 3, 7, 8, '2019-03-01 11:26:00', '2019-03-01 07:56:00', 665, 432.25),
(46, 8, 2, 6, 7, '2019-03-02 10:40:00', '2019-03-02 07:56:00', 1207, 1170.79),
(47, 1, 11, 2, 15, '2019-03-03 11:09:00', '2019-03-03 08:29:00', 1269, 1129.41),
(48, 2, 2, 2, 9, '2019-03-04 10:40:00', '2019-03-04 08:10:00', 783, 704.7),
(49, 6, 5, 3, 3, '2019-03-05 11:20:00', '2019-03-05 08:27:00', 1097, 954.39),
(50, 2, 7, 4, 5, '2019-03-06 10:33:00', '2019-03-06 07:59:00', 906, 824.46),
(51, 1, 5, 3, 6, '2019-03-07 11:48:00', '2019-03-07 09:44:00', 1240, 868),
(52, 4, 9, 2, 8, '2019-03-08 10:51:00', '2019-03-08 07:53:00', 1052, 852.12),
(53, 7, 8, 9, 14, '2019-03-09 11:24:00', '2019-03-09 07:56:00', 951, 827.37),
(54, 8, 5, 5, 3, '2019-03-10 11:48:00', '2019-03-10 08:24:00', 1447, 1389.12),
(55, 1, 8, 7, 15, '2019-03-11 10:30:00', '2019-03-11 09:05:00', 1002, 701.4),
(56, 1, 9, 9, 10, '2019-03-12 11:49:00', '2019-03-12 09:12:00', 1433, 1361.35),
(57, 6, 6, 7, 4, '2019-03-13 11:49:00', '2019-03-13 08:55:00', 1410, 888.3),
(58, 3, 3, 3, 9, '2019-03-14 10:38:00', '2019-03-14 09:06:00', 1034, 899.58),
(59, 4, 4, 10, 13, '2019-03-15 12:16:00', '2019-03-15 09:44:00', 1258, 830.28),
(60, 3, 4, 10, 3, '2019-03-16 11:42:00', '2019-03-16 08:12:00', 545, 490.5),
(61, 6, 10, 9, 12, '2019-03-17 11:20:00', '2019-03-17 09:16:00', 897, 672.75),
(62, 1, 12, 6, 12, '2019-03-18 11:58:00', '2019-03-18 08:48:00', 712, 498.4),
(63, 3, 8, 10, 9, '2019-03-19 12:11:00', '2019-03-19 08:58:00', 1055, 706.85),
(64, 2, 9, 6, 5, '2019-03-20 10:14:00', '2019-03-20 09:32:00', 798, 534.66),
(65, 2, 2, 8, 13, '2019-03-21 11:43:00', '2019-03-21 08:35:00', 1493, 1060.03),
(66, 2, 3, 11, 12, '2019-03-22 11:40:00', '2019-03-22 09:26:00', 1397, 963.93),
(67, 3, 4, 5, 3, '2019-03-23 12:02:00', '2019-03-23 08:29:00', 1450, 1029.5),
(68, 2, 10, 3, 3, '2019-03-24 11:45:00', '2019-03-24 08:46:00', 852, 664.56),
(69, 2, 2, 8, 13, '2019-03-25 12:15:00', '2019-03-25 09:31:00', 1069, 106.9),
(70, 6, 3, 4, 7, '2019-03-26 14:18:00', '2019-03-26 13:15:00', 702, 603.72),
(71, 5, 9, 2, 12, '2019-03-27 15:22:00', '2019-03-27 12:13:00', 815, 619.4),
(72, 3, 3, 10, 13, '2019-03-28 14:43:00', '2019-03-28 12:27:00', 1407, 1097.46),
(73, 5, 7, 11, 4, '2019-03-29 14:27:00', '2019-03-29 13:21:00', 1139, 808.69),
(74, 5, 8, 3, 10, '2019-03-30 15:22:00', '2019-03-30 13:00:00', 1123, 741.18),
(75, 6, 4, 3, 13, '2019-03-31 16:21:00', '2019-03-31 12:48:00', 1062, 679.68),
(76, 3, 8, 8, 2, '2019-04-01 15:10:00', '2019-04-01 12:17:00', 791, 664.44),
(77, 7, 3, 11, 7, '2019-04-02 16:05:00', '2019-04-02 13:16:00', 1232, 936.32),
(78, 1, 6, 11, 14, '2019-04-03 16:03:00', '2019-04-03 12:07:00', 1293, 1060.26),
(79, 1, 3, 11, 1, '2019-04-04 15:37:00', '2019-04-04 12:53:00', 797, 502.11),
(80, 7, 10, 10, 14, '2019-04-05 16:05:00', '2019-04-05 13:45:00', 1140, 980.4),
(81, 7, 2, 9, 3, '2019-04-06 14:28:00', '2019-04-06 11:54:00', 899, 872.03),
(82, 8, 8, 8, 1, '2019-04-07 16:02:00', '2019-04-07 11:48:00', 633, 462.09),
(83, 8, 12, 11, 5, '2019-04-08 15:22:00', '2019-04-08 13:05:00', 1049, 881.16),
(84, 5, 3, 4, 15, '2019-04-09 15:07:00', '2019-04-09 13:21:00', 522, 396.72),
(85, 6, 10, 4, 4, '2019-04-10 15:20:00', '2019-04-10 12:42:00', 948, 701.52),
(86, 3, 12, 7, 14, '2019-04-11 14:47:00', '2019-04-11 12:40:00', 1232, 1059.52),
(87, 8, 9, 1, 10, '2019-04-12 15:03:00', '2019-04-12 13:16:00', 722, 714.78),
(88, 4, 2, 2, 4, '2019-04-13 14:50:00', '2019-04-13 12:06:00', 872, 697.6),
(89, 7, 10, 1, 5, '2019-04-14 14:43:00', '2019-04-14 13:18:00', 1225, 918.75),
(90, 4, 5, 4, 6, '2019-04-15 15:23:00', '2019-04-15 12:27:00', 1153, 1049.23),
(91, 7, 11, 5, 12, '2019-04-16 15:49:00', '2019-04-16 12:29:00', 1309, 1138.83),
(92, 4, 11, 11, 2, '2019-04-17 15:40:00', '2019-04-17 12:48:00', 954, 725.04),
(93, 2, 5, 4, 11, '2019-04-18 15:14:00', '2019-04-18 12:48:00', 974, 740.24),
(94, 4, 11, 7, 14, '2019-04-19 14:28:00', '2019-04-19 13:13:00', 779, 599.83),
(95, 8, 8, 4, 3, '2019-04-20 16:12:00', '2019-04-20 13:08:00', 1051, 641.11),
(96, 4, 12, 4, 12, '2019-04-21 15:24:00', '2019-04-21 12:48:00', 1298, 1272.04),
(97, 4, 6, 2, 12, '2019-04-22 14:54:00', '2019-04-22 13:29:00', 1431, 1259.28),
(98, 4, 6, 5, 7, '2019-04-23 14:17:00', '2019-04-23 13:31:00', 1388, 1360.24),
(99, 8, 6, 6, 2, '2019-04-24 16:12:00', '2019-04-24 13:26:00', 581, 441.56),
(100, 8, 7, 4, 4, '2019-04-25 14:59:00', '2019-04-25 12:19:00', 848, 661.44),
(101, 8, 12, 7, 13, '2019-04-26 15:24:00', '2019-04-26 13:24:00', 1471, 1103.25),
(102, 5, 9, 3, 10, '2019-04-27 15:19:00', '2019-04-27 13:42:00', 695, 646.35),
(103, 6, 9, 11, 9, '2019-04-28 14:43:00', '2019-04-28 12:26:00', 875, 647.5),
(104, 2, 7, 2, 5, '2019-04-29 15:52:00', '2019-04-29 11:37:00', 1154, 1073.22),
(105, 3, 8, 9, 8, '2019-04-30 16:18:00', '2019-04-30 11:54:00', 1413, 946.71),
(106, 2, 4, 4, 12, '2019-05-01 15:32:00', '2019-05-01 13:12:00', 1082, 941.34),
(107, 3, 11, 8, 9, '2019-05-02 14:24:00', '2019-05-02 11:44:00', 504, 367.92),
(108, 6, 9, 4, 6, '2019-05-03 15:26:00', '2019-05-03 12:22:00', 1408, 1013.76),
(109, 1, 11, 10, 8, '2019-05-04 10:24:00', '2019-05-04 08:35:00', 641, 64.1),
(110, 5, 6, 3, 6, '2019-05-05 10:57:00', '2019-05-05 08:06:00', 614, 460.5),
(111, 7, 7, 1, 3, '2019-05-06 11:55:00', '2019-05-06 08:04:00', 1154, 1003.98),
(112, 7, 10, 9, 1, '2019-05-07 11:40:00', '2019-05-07 09:29:00', 1100, 671),
(113, 3, 11, 8, 9, '2019-05-08 11:50:00', '2019-05-08 07:50:00', 924, 619.08),
(114, 8, 4, 3, 2, '2019-05-09 12:13:00', '2019-05-09 07:59:00', 785, 518.1),
(115, 8, 4, 5, 6, '2019-05-10 12:22:00', '2019-05-10 08:19:00', 539, 479.71),
(116, 1, 11, 9, 13, '2019-05-11 11:46:00', '2019-05-11 08:48:00', 1049, 734.3),
(117, 1, 4, 10, 11, '2019-05-12 10:46:00', '2019-05-12 08:53:00', 1374, 865.62),
(118, 3, 2, 2, 11, '2019-05-13 11:24:00', '2019-05-13 09:05:00', 791, 672.35),
(119, 3, 11, 3, 12, '2019-05-14 10:27:00', '2019-05-14 08:33:00', 1033, 1012.34),
(120, 8, 11, 11, 1, '2019-05-15 11:40:00', '2019-05-15 09:38:00', 965, 694.8),
(121, 3, 4, 3, 9, '2019-05-16 11:35:00', '2019-05-16 08:55:00', 1326, 822.12),
(122, 1, 10, 11, 9, '2019-05-17 10:18:00', '2019-05-17 09:21:00', 1099, 989.1),
(123, 3, 8, 7, 14, '2019-05-18 12:13:00', '2019-05-18 07:51:00', 1445, 939.25),
(124, 8, 10, 5, 13, '2019-05-19 10:30:00', '2019-05-19 09:28:00', 606, 466.62),
(125, 8, 7, 5, 1, '2019-05-20 11:33:00', '2019-05-20 08:50:00', 795, 556.5),
(126, 7, 7, 3, 12, '2019-05-21 11:42:00', '2019-05-21 08:46:00', 1404, 1207.44),
(127, 2, 2, 5, 12, '2019-05-22 16:14:00', '2019-05-22 14:24:00', 655, 491.25),
(128, 7, 12, 2, 2, '2019-05-23 17:08:00', '2019-05-23 14:18:00', 1358, 1208.62),
(129, 7, 2, 3, 1, '2019-05-24 15:44:00', '2019-05-24 13:04:00', 1245, 883.95),
(130, 1, 3, 1, 6, '2019-05-25 15:28:00', '2019-05-25 14:12:00', 1232, 1084.16),
(131, 1, 9, 5, 5, '2019-05-26 15:36:00', '2019-05-26 14:45:00', 737, 479.05),
(132, 4, 2, 7, 15, '2019-05-27 16:45:00', '2019-05-27 14:38:00', 503, 326.95),
(133, 3, 8, 1, 14, '2019-05-28 16:50:00', '2019-05-28 14:22:00', 1488, 1428.48),
(134, 7, 2, 7, 11, '2019-05-29 15:14:00', '2019-05-29 13:50:00', 1098, 878.4),
(135, 6, 12, 10, 7, '2019-05-30 15:50:00', '2019-05-30 13:13:00', 1340, 1085.4),
(136, 5, 6, 1, 4, '2019-05-31 15:44:00', '2019-05-31 13:33:00', 782, 484.84),
(137, 5, 11, 7, 2, '2019-06-01 16:04:00', '2019-06-01 14:06:00', 612, 379.44),
(138, 1, 9, 5, 1, '2019-06-02 16:52:00', '2019-06-02 12:50:00', 1364, 982.08),
(139, 3, 2, 5, 8, '2019-06-03 16:06:00', '2019-06-03 13:49:00', 540, 394.2),
(140, 2, 8, 7, 12, '2019-06-04 16:23:00', '2019-06-04 13:53:00', 1081, 962.09),
(141, 3, 12, 9, 12, '2019-06-05 15:47:00', '2019-06-05 13:33:00', 1400, 980),
(142, 2, 5, 1, 9, '2019-06-06 15:33:00', '2019-06-06 14:45:00', 969, 939.93),
(143, 1, 12, 2, 13, '2019-06-07 17:19:00', '2019-06-07 13:04:00', 933, 746.4),
(144, 4, 2, 4, 14, '2019-06-08 16:53:00', '2019-06-08 13:04:00', 812, 665.84),
(145, 1, 11, 10, 11, '2019-06-09 16:16:00', '2019-06-09 13:50:00', 954, 581.94),
(146, 4, 3, 3, 14, '2019-06-10 15:36:00', '2019-06-10 14:38:00', 569, 483.65),
(147, 5, 8, 11, 2, '2019-06-11 16:00:00', '2019-06-11 13:42:00', 1431, 901.53),
(148, 3, 5, 3, 2, '2019-06-12 15:14:00', '2019-06-12 13:26:00', 646, 620.16),
(149, 1, 2, 7, 2, '2019-06-13 11:46:00', '2019-06-13 08:49:00', 1297, 1206.21),
(150, 3, 12, 9, 12, '2019-06-14 11:33:00', '2019-06-14 09:26:00', 1432, 902.16),
(152, 2, 9, 3, 7, '2020-01-17 12:08:00', '2020-01-17 16:08:00', 522, 218),
(153, 8, 10, 11, 12, '2020-01-18 10:59:00', '2020-01-18 11:11:00', 973, 679),
(154, 3, 6, 5, 12, '2020-01-19 11:12:00', '2020-01-19 11:12:00', 1206, 961),
(155, 5, 5, 3, 7, '2020-01-20 11:29:00', '2020-01-20 11:29:00', 1071, 554),
(156, 6, 5, 5, 10, '2020-01-21 10:54:00', '2020-01-21 10:54:00', 709, 182),
(157, 7, 6, 4, 15, '2020-01-22 12:19:00', '2020-01-22 12:19:00', 1206, 1199),
(158, 4, 7, 10, 11, '2020-01-23 11:01:00', '2020-01-23 11:01:00', 829, 486),
(159, 1, 12, 2, 1, '2020-01-24 10:43:00', '2020-01-24 10:43:00', 780, 594),
(160, 8, 6, 4, 12, '2020-01-25 11:43:00', '2020-01-25 11:43:00', 581, 356),
(161, 4, 9, 4, 8, '2020-01-26 12:08:00', '2020-01-26 12:08:00', 802, 509),
(162, 3, 7, 9, 3, '2020-01-27 10:37:00', '2020-01-27 10:37:00', 1133, 1096),
(163, 7, 5, 8, 7, '2020-01-28 12:06:00', '2020-01-28 12:06:00', 1493, 1098),
(164, 3, 11, 1, 1, '2020-01-29 11:40:00', '2020-01-29 11:40:00', 1076, 901),
(165, 2, 4, 1, 4, '2020-01-30 11:42:00', '2020-01-30 11:42:00', 769, 269),
(166, 3, 8, 11, 9, '2020-01-31 11:40:00', '2020-01-31 11:40:00', 1422, 1048),
(167, 8, 5, 7, 13, '2020-02-01 10:14:00', '2020-02-01 10:14:00', 1193, 1053),
(168, 4, 2, 1, 4, '2020-02-02 11:23:00', '2020-02-02 11:23:00', 731, 579),
(169, 2, 8, 11, 10, '2020-02-03 10:41:00', '2020-02-03 10:41:00', 1293, 1209),
(170, 5, 7, 9, 11, '2020-02-04 10:54:00', '2020-02-04 10:54:00', 1123, 640),
(171, 6, 9, 10, 3, '2020-02-05 10:23:00', '2020-02-05 10:23:00', 1124, 1107),
(172, 3, 5, 11, 3, '2020-02-06 12:16:00', '2020-02-06 12:16:00', 1433, 1391),
(173, 5, 7, 11, 7, '2020-02-07 11:40:00', '2020-02-07 11:40:00', 1483, 1264),
(174, 1, 3, 7, 5, '2020-02-08 11:40:00', '2020-02-08 11:40:00', 519, 49),
(175, 7, 12, 2, 4, '2020-02-09 10:31:00', '2020-02-09 10:31:00', 993, 875),
(176, 1, 7, 9, 9, '2020-02-10 10:53:00', '2020-02-10 10:53:00', 710, 615),
(177, 7, 12, 4, 12, '2020-02-11 10:53:00', '2020-02-11 10:53:00', 1468, 1174),
(178, 7, 9, 5, 6, '2020-02-12 10:25:00', '2020-02-12 10:25:00', 648, 535),
(179, 2, 12, 3, 9, '2020-02-13 12:16:00', '2020-02-13 12:16:00', 959, 560),
(180, 1, 5, 5, 3, '2020-02-14 12:18:00', '2020-02-14 12:18:00', 1165, 1054),
(181, 4, 5, 1, 10, '2020-02-15 11:39:00', '2020-02-15 11:39:00', 654, 325),
(182, 4, 7, 8, 14, '2020-02-16 12:02:00', '2020-02-16 12:02:00', 821, 784),
(183, 3, 11, 1, 13, '2020-02-17 10:48:00', '2020-02-17 10:48:00', 715, 474),
(184, 6, 10, 9, 10, '2020-02-18 10:30:00', '2020-02-18 10:30:00', 1221, 994),
(185, 7, 8, 5, 1, '2020-02-19 10:24:00', '2020-02-19 10:24:00', 818, 315),
(186, 5, 4, 3, 7, '2020-02-20 11:20:00', '2020-02-20 11:20:00', 837, 310),
(187, 3, 12, 5, 9, '2020-02-21 10:38:00', '2020-02-21 10:38:00', 1351, 832),
(188, 1, 10, 10, 7, '2020-02-22 11:48:00', '2020-02-22 11:48:00', 568, 44),
(189, 8, 3, 7, 15, '2020-02-23 11:49:00', '2020-02-23 11:49:00', 1205, 915),
(190, 3, 9, 4, 4, '2020-02-24 11:58:00', '2020-02-24 11:58:00', 1491, 1070),
(191, 5, 11, 5, 6, '2020-02-25 10:21:00', '2020-02-25 10:21:00', 647, 333),
(192, 6, 2, 11, 1, '2020-02-26 10:53:00', '2020-02-26 10:53:00', 1181, 666),
(193, 2, 6, 4, 4, '2020-02-27 11:19:00', '2020-02-27 11:19:00', 1115, 802),
(194, 1, 6, 5, 4, '2020-02-28 11:17:00', '2020-02-28 11:17:00', 1252, 824),
(195, 7, 5, 10, 12, '2020-03-01 11:26:00', '2020-03-01 11:26:00', 665, 396),
(196, 8, 10, 11, 10, '2020-03-02 10:40:00', '2020-03-02 10:40:00', 1207, 797),
(197, 3, 7, 2, 10, '2020-03-03 11:09:00', '2020-03-03 11:09:00', 1269, 742),
(198, 8, 10, 10, 7, '2020-03-04 10:40:00', '2020-03-04 10:40:00', 783, 437),
(199, 3, 7, 4, 9, '2020-03-05 11:20:00', '2020-03-05 11:20:00', 1097, 567),
(200, 4, 3, 8, 13, '2020-03-06 10:33:00', '2020-03-06 10:33:00', 906, 677),
(201, 7, 7, 2, 1, '2020-03-07 11:48:00', '2020-03-07 11:48:00', 1240, 940),
(202, 5, 8, 2, 4, '2020-03-08 10:51:00', '2020-03-08 10:51:00', 1052, 982),
(203, 3, 12, 2, 2, '2020-03-09 11:24:00', '2020-03-09 11:24:00', 951, 690),
(204, 5, 3, 2, 14, '2020-03-10 11:48:00', '2020-03-10 11:48:00', 1447, 1350),
(205, 5, 3, 1, 15, '2020-03-11 10:30:00', '2020-03-11 10:30:00', 1002, 871),
(206, 1, 10, 2, 12, '2020-03-12 11:49:00', '2020-03-12 11:49:00', 1433, 1354),
(207, 8, 8, 5, 12, '2020-03-13 11:49:00', '2020-03-13 11:49:00', 1410, 912),
(208, 1, 5, 5, 7, '2020-03-14 10:38:00', '2020-03-14 10:38:00', 1034, 579),
(209, 5, 8, 10, 14, '2020-03-15 12:16:00', '2020-03-15 12:16:00', 1258, 760),
(210, 4, 11, 9, 8, '2020-03-16 11:42:00', '2020-03-16 11:42:00', 545, 484),
(211, 6, 10, 1, 2, '2020-03-17 11:20:00', '2020-03-17 11:20:00', 897, 427),
(212, 1, 8, 3, 7, '2020-03-18 11:58:00', '2020-03-18 11:58:00', 712, 257),
(213, 4, 7, 10, 15, '2020-03-19 12:11:00', '2020-03-19 12:11:00', 1055, 884),
(214, 3, 5, 6, 11, '2020-03-20 10:14:00', '2020-03-20 10:14:00', 798, 299),
(215, 7, 6, 8, 8, '2020-03-21 11:43:00', '2020-03-21 11:43:00', 1493, 1434),
(216, 3, 2, 7, 2, '2020-03-22 11:40:00', '2020-03-22 11:40:00', 1397, 944),
(217, 1, 7, 5, 10, '2020-03-23 12:02:00', '2020-03-23 12:02:00', 1450, 1065),
(218, 2, 4, 1, 9, '2020-03-24 11:45:00', '2020-03-24 11:45:00', 852, 449),
(219, 4, 3, 4, 10, '2020-03-25 12:15:00', '2020-03-25 12:15:00', 1069, 658),
(220, 7, 11, 11, 10, '2020-03-26 14:18:00', '2020-03-26 14:18:00', 702, 646),
(221, 3, 8, 1, 15, '2020-03-27 15:22:00', '2020-03-27 15:22:00', 815, 338),
(222, 8, 2, 2, 10, '2020-03-28 14:43:00', '2020-03-28 14:43:00', 1407, 1077),
(223, 5, 8, 9, 12, '2020-03-29 14:27:00', '2020-03-29 14:27:00', 1139, 1070),
(224, 7, 9, 8, 4, '2020-03-30 15:22:00', '2020-03-30 15:22:00', 1123, 944),
(225, 3, 5, 3, 3, '2020-03-31 16:21:00', '2020-03-31 16:21:00', 1062, 673),
(226, 1, 11, 8, 15, '2020-04-01 15:10:00', '2020-04-01 15:10:00', 791, 509),
(227, 5, 3, 8, 10, '2020-04-02 16:05:00', '2020-04-02 16:05:00', 1232, 993),
(228, 7, 4, 9, 1, '2020-04-03 16:03:00', '2020-04-03 16:03:00', 1293, 1065),
(229, 7, 2, 9, 3, '2020-04-04 15:37:00', '2020-04-04 15:37:00', 797, 542),
(230, 5, 4, 11, 7, '2020-04-05 16:05:00', '2020-04-05 16:05:00', 1140, 963),
(231, 1, 3, 6, 10, '2020-04-06 14:28:00', '2020-04-06 14:28:00', 899, 467),
(232, 1, 6, 1, 11, '2020-04-07 16:02:00', '2020-04-07 16:02:00', 633, 519),
(233, 5, 2, 9, 6, '2020-04-08 15:22:00', '2020-04-08 15:22:00', 1049, 843),
(234, 2, 11, 5, 12, '2020-04-09 15:07:00', '2020-04-09 15:07:00', 522, 503),
(235, 5, 4, 10, 14, '2020-04-10 15:20:00', '2020-04-10 15:20:00', 948, 745),
(236, 5, 9, 10, 2, '2020-04-11 14:47:00', '2020-04-11 14:47:00', 1232, 725),
(237, 8, 5, 11, 15, '2020-04-12 15:03:00', '2020-04-12 15:03:00', 722, 698),
(238, 6, 4, 4, 14, '2020-04-13 14:50:00', '2020-04-13 14:50:00', 872, 479),
(239, 5, 11, 4, 10, '2020-04-14 14:43:00', '2020-04-14 14:43:00', 1225, 998),
(240, 6, 10, 2, 13, '2020-04-15 15:23:00', '2020-04-15 15:23:00', 1153, 997),
(241, 6, 2, 1, 13, '2020-04-16 15:49:00', '2020-04-16 15:49:00', 1309, 927),
(242, 4, 2, 7, 9, '2020-04-17 15:40:00', '2020-04-17 15:40:00', 954, 758),
(243, 5, 7, 8, 5, '2020-04-18 15:14:00', '2020-04-18 15:14:00', 974, 673),
(244, 5, 2, 10, 8, '2020-04-19 14:28:00', '2020-04-19 14:28:00', 779, 521),
(245, 2, 6, 9, 5, '2020-04-20 16:12:00', '2020-04-20 16:12:00', 1051, 585),
(246, 7, 10, 3, 10, '2020-04-21 15:24:00', '2020-04-21 15:24:00', 1298, 1070),
(247, 5, 6, 4, 5, '2020-04-22 14:54:00', '2020-04-22 14:54:00', 1431, 1340),
(248, 4, 11, 4, 8, '2020-04-23 14:17:00', '2020-04-23 14:17:00', 1388, 1346),
(249, 4, 5, 10, 15, '2020-04-24 16:12:00', '2020-04-24 16:12:00', 581, 162),
(250, 5, 8, 1, 10, '2020-04-25 14:59:00', '2020-04-25 14:59:00', 848, 339),
(251, 1, 4, 6, 6, '2020-04-26 15:24:00', '2020-04-26 15:24:00', 1471, 1216),
(252, 3, 6, 5, 14, '2020-04-27 15:19:00', '2020-04-27 15:19:00', 695, 681),
(253, 2, 8, 4, 6, '2020-04-28 14:43:00', '2020-04-28 14:43:00', 875, 783),
(254, 8, 3, 3, 7, '2020-04-29 15:52:00', '2020-04-29 15:52:00', 1154, 645),
(255, 8, 10, 4, 7, '2020-04-30 16:18:00', '2020-04-30 16:18:00', 1413, 929),
(256, 4, 9, 4, 4, '2020-05-01 15:32:00', '2020-05-01 15:32:00', 1082, 888),
(257, 4, 2, 9, 8, '2020-05-02 14:24:00', '2020-05-02 14:24:00', 504, 209),
(258, 3, 8, 5, 15, '2020-05-03 15:26:00', '2020-05-03 15:26:00', 1408, 1270),
(259, 7, 10, 10, 1, '2020-05-04 10:24:00', '2020-05-04 10:24:00', 641, 612),
(260, 3, 9, 2, 6, '2020-05-05 10:57:00', '2020-05-05 10:57:00', 614, 117),
(261, 7, 9, 1, 10, '2020-05-06 11:55:00', '2020-05-06 11:55:00', 1154, 777),
(262, 1, 4, 3, 12, '2020-05-07 11:40:00', '2020-05-07 11:40:00', 1100, 769),
(263, 4, 9, 3, 7, '2020-05-08 11:50:00', '2020-05-08 11:50:00', 924, 574),
(264, 6, 3, 3, 15, '2020-05-09 12:13:00', '2020-05-09 12:13:00', 785, 360),
(265, 8, 6, 7, 5, '2020-05-10 12:22:00', '2020-05-10 12:22:00', 539, 286),
(266, 1, 10, 8, 1, '2020-05-11 11:46:00', '2020-05-11 11:46:00', 1049, 555),
(267, 1, 7, 7, 10, '2020-05-12 10:46:00', '2020-05-12 10:46:00', 1374, 926),
(268, 4, 9, 5, 2, '2020-05-13 11:24:00', '2020-05-13 11:24:00', 791, 390),
(269, 1, 12, 7, 14, '2020-05-14 10:27:00', '2020-05-14 10:27:00', 1033, 780),
(270, 7, 4, 1, 15, '2020-05-15 11:40:00', '2020-05-15 11:40:00', 965, 475),
(271, 7, 12, 6, 9, '2020-05-16 11:35:00', '2020-05-16 11:35:00', 1326, 1220),
(272, 3, 8, 5, 7, '2020-05-17 10:18:00', '2020-05-17 10:18:00', 1099, 991),
(273, 5, 3, 6, 11, '2020-05-18 12:13:00', '2020-05-18 12:13:00', 1445, 995),
(274, 5, 11, 7, 9, '2020-05-19 10:30:00', '2020-05-19 10:30:00', 606, 373),
(275, 7, 2, 3, 13, '2020-05-20 11:33:00', '2020-05-20 11:33:00', 795, 773),
(276, 6, 7, 6, 8, '2020-05-21 11:42:00', '2020-05-21 11:42:00', 1404, 1121),
(277, 7, 7, 11, 3, '2020-05-22 16:14:00', '2020-05-22 16:14:00', 655, 584),
(278, 1, 2, 4, 3, '2020-05-23 17:08:00', '2020-05-23 17:08:00', 1358, 1187),
(279, 5, 5, 3, 8, '2020-05-24 15:44:00', '2020-05-24 15:44:00', 1245, 1136),
(280, 5, 10, 5, 2, '2020-05-25 15:28:00', '2020-05-25 15:28:00', 1232, 920),
(281, 2, 10, 6, 1, '2020-05-26 15:36:00', '2020-05-26 15:36:00', 737, 370),
(282, 7, 4, 5, 14, '2020-05-27 16:45:00', '2020-05-27 16:45:00', 503, 157),
(283, 3, 5, 8, 9, '2020-05-28 16:50:00', '2020-05-28 16:50:00', 1488, 1044),
(284, 8, 2, 3, 13, '2020-05-29 15:14:00', '2020-05-29 15:14:00', 1098, 1005),
(285, 8, 3, 3, 2, '2020-05-30 15:50:00', '2020-05-30 15:50:00', 1340, 1326),
(286, 7, 2, 5, 15, '2020-05-31 15:44:00', '2020-05-31 15:44:00', 782, 500),
(287, 8, 5, 10, 9, '2020-06-01 16:04:00', '2020-06-01 16:04:00', 612, 215),
(288, 1, 6, 9, 11, '2020-06-02 16:52:00', '2020-06-02 16:52:00', 1364, 868),
(289, 4, 2, 2, 7, '2020-06-03 16:06:00', '2020-06-03 16:06:00', 540, 74),
(290, 4, 10, 11, 4, '2020-06-04 16:23:00', '2020-06-04 16:23:00', 1081, 942),
(291, 8, 10, 4, 7, '2020-06-05 15:47:00', '2020-06-05 15:47:00', 1400, 974),
(292, 3, 4, 8, 9, '2020-06-06 15:33:00', '2020-06-06 15:33:00', 969, 791),
(293, 8, 3, 9, 7, '2020-06-07 17:19:00', '2020-06-07 17:19:00', 933, 830),
(294, 2, 11, 6, 4, '2020-06-08 16:53:00', '2020-06-08 16:53:00', 812, 703),
(295, 2, 10, 9, 12, '2020-06-09 16:16:00', '2020-06-09 16:16:00', 954, 605),
(296, 5, 3, 3, 3, '2020-06-10 15:36:00', '2020-06-10 15:36:00', 569, 551),
(297, 8, 4, 4, 7, '2020-06-11 16:00:00', '2020-06-11 16:00:00', 1431, 1000),
(298, 4, 7, 2, 2, '2020-06-12 15:14:00', '2020-06-12 15:14:00', 646, 567),
(299, 7, 2, 9, 14, '2020-06-13 11:46:00', '2020-06-13 11:46:00', 1297, 1247),
(300, 4, 3, 10, 14, '2020-06-14 11:33:00', '2020-06-14 11:33:00', 1432, 1240);

-- 
-- Dumping data for table problema_causa
--
INSERT INTO problema_causa VALUES
(2, 1, True);

-- 
-- Dumping data for table planta_equipo
--
INSERT INTO planta_equipo VALUES
(1, 1, '2021-04-04 00:00:00', True),
(2, 2, '2021-04-04 00:00:00', True),
(3, 3, '2021-04-04 00:00:00', True),
(4, 4, '2021-04-04 00:00:00', True),
(5, 5, '2021-04-04 00:00:00', True),
(6, 6, '2021-04-04 00:00:00', True),
(7, 7, '2021-04-04 00:00:00', True);

-- 
-- Dumping data for table planta_empleado
--
-- Table teoria_decision.planta_empleado does not contain any data (it is empty)

-- 
-- Dumping data for table equipo_empleado
--
INSERT INTO equipo_empleado VALUES
(1, 1, True),
(2, 2, True),
(3, 3, True),
(4, 4, True),
(5, 5, True),
(6, 6, True);

-- 
-- Dumping data for table empresa
--
-- Table teoria_decision.empresa does not contain any data (it is empty)

-- 
-- Dumping data for table causa_probabilidad
--
-- Table teoria_decision.causa_probabilidad does not contain any data (it is empty)

-- 
-- Dumping data for table causa_consecuencia
--
-- Table teoria_decision.causa_consecuencia does not contain any data (it is empty)

-- 
-- Restore previous SQL mode
-- 
/*!40101 SET SQL_MODE=@OLD_SQL_MODE */;

-- 
-- Enable foreign keys
-- 
/*!40014 SET FOREIGN_KEY_CHECKS = @OLD_FOREIGN_KEY_CHECKS */;